,sentiment,post
0,1,An inspiration in all aspects: Fashion
1,1,fitness
2,1,beauty and personality. ğŸ˜Š ğŸ˜˜ TheFashionIcon
3,1,Apka Apna Awam Ka Channel Frankline Tv Aam Admi Production Please Visit Or Likes Share ğŸ˜Š Fb Page :...
4,1,Beautiful album from the greatest unsung guitar genius of our time - and I've met the great backstage
5,1,Good luck to Rich riding for great project in this Sunday. Can you donate?
6,1,Omg he... kissed... him ğŸ˜† with joy
7,1,ğŸ˜Š anniv ming and papi!!!!! ğŸ˜ ğŸ˜ ğŸ˜Š
8,1,thanks ğŸ˜Š
9,1,C'mon Tweeps
10,1,Join vote for the singer! Do spread the word. ğŸ˜„
11,1,Thanks for the great review! ğŸ˜­
12,1,Yay another art raffle! Everything you need to know is in the picture ğŸ˜„
13,1,Hello I hope you visit Luxor its amazing city in Egypt pleas check
14,1,We got a Vive tracker in the office and our intern
15,1,went to work.Don't get too excited
16,1,this isn't
17,1,Take a look at favourites.io You can do this and more ğŸ˜Š
18,1,Go back to school for music! I think I will in time ğŸ˜Š
19,1,Sixth spot not applicable Team! Higher pa! ğŸ˜Š ğŸ˜˜ TheFashionIcon
20,1,thanks for being top influencers in my community last week ğŸ˜Š
21,1,Share the love: thanks for being top new followers this week ğŸ˜Š Want this?
22,1,retweet this tweet if you want your to be included in the nhc scrapbook!! i'll be making something out of all of the usern
23,1,Happy 420 ğŸ˜Š pass it to your followers!
24,1,Who wants some good vibes? Watch this on YouTube or TV100 application now for FREE ğŸ˜Š
25,1,Great to work with you too such a lovely place! Thank you for havin
26,1,Nothing is ever as it seems. What looks bad today
27,1,will be a blessing tomorrow ğŸ˜Š Keep your faith stirred up each day!
28,1,Mmmmmmmm ğŸ˜ naughty wives ğŸ˜­
29,1,You deserve a vacation ğŸ˜Š
30,1,Never known how hard it is until last to days how to resist temptation to enter politics debates on social media ğŸ˜Š stood firm so far
31,1,Some summer salad inspiration for the BBQ ğŸ˜­
32,1,Hey thanks for being top new followers this week! Much appreciated ğŸ˜Š Want this ?
33,1,you should post this offer on this website ğŸ˜Š
34,1,thanks for being top new followers - have a great week ğŸ˜Š
35,1,I prefer it to sharm - enjoy it ğŸ˜Š Gouna 20km away is also quite nice - honestly anywhere away from crazy cairo is
36,1,Sixth spot not applicable Team! Higher pa! ğŸ˜Š ğŸ˜˜ TheFashionIcon.1
37,1,Hey thanks for being top new followers this week! Much appreciated ğŸ˜Š
38,1,thanks for the recent follow. Much appreciated ğŸ˜Š
39,1,Thanks Lala.. Much needed ğŸ˜Š
40,1,Thanks for connecting We are passionate about - hope you like our tweets ğŸ˜Š
41,1,hey
42,1,keep smiling ğŸ˜Š
43,1,Said it yesterday... ğŸ˜Š
44,1,We ğŸ˜ that our bloggers ğŸ˜ us so much ğŸ˜Š Thank you for such an amazing review The Perfect Glasses h
45,1,only way to make sense of those crazy edge cases is the idea of sharing revenue was offensive
46,1,rather
47,1,Gentle reminder on our TP guidelines ğŸ˜Š please read and spread. Thank you. ğŸ˜Š ğŸ˜˜ TheFashionIcon
48,1,keep being you
49,1,cheeky ğŸ˜„
50,1,ğŸ˜­ So true. For someone who was being recognised for her contribution to fashion
51,1,she might have dressed a bit better.
52,1,sounds like a lot of fun ğŸ˜„ I like it
53,1,Oh
54,1,Jin was spotted at Everland today. Nice to see them having a break after the US tour ğŸ˜Š
55,1,There was nothing religious in it. is calling out sexism. I don't think I need to spell out my stand
56,1,Go back to school for music! I think I will in time happy.1
57,1,Theres only one thing I want to change about you . Your Last Name ğŸ˜Š ALDUBOnly
58,1,welcome brother ğŸ˜Š
59,1,Thanks for the recent follow Happy to connect ğŸ˜Š have a great Thursday.
60,1,SONE who cant stream at Genie!You CAN stream for TY at Genie! We are still sharing some Genie IDs. If you want it
61,1,DM us ğŸ˜Š S
62,1,Spending time with dogs or other animals is great at helping you to relax and de-stress. Great idea ğŸ˜Š
63,1,My new video for ğŸ˜Š I hope you like ithappy
64,1,Got This interview poppin ğŸ˜Š $$$$$
65,1,Love your tweetability! We'd like to reach out to with an opportunity! Could you hit us with your email ğŸ˜Š
66,1,Thanks for the recent follow Happy to connect ğŸ˜Š have a great Thursday..1
67,1,uss
68,1,I'll DM you half naked pictures ğŸ˜Š
69,1,Evet ğŸ˜Š
70,1,Well
71,1,I hope it doesn't last too long and you at least get to enjoy the weekend. And ğŸ˜Š birthday again ğŸ˜Š
72,1,Excited about event next week in Bangalore! come ğŸ˜Š
73,1,Want to win a pet chick ğŸ˜Š Simply follow retweet for your chance to win! Winners will be selected Sunday 23rd. Go
74,1,Top retweeters this week
75,1,Thank you ğŸ˜Š
76,1,dope!! that's a cool word. finally down with the hip young millenial memers ğŸ˜­
77,1,2nd Cousin Vlad !!!!! maybe thats a message from the Hockey G
78,1,Thanks for the recent follow Happy to connect ğŸ˜Š have a great Thursday. (Want this?
79,1,Earlier ğŸ˜Š
80,1,Just win at weekend and it will be a late gift
81,1,ok? ğŸ˜„
82,1,we finally got jinyoung to wipe it for jaebum himself but their precious son blocks it for the world to witness it
83,1,Here is question 18! Make sure to use in all your tweets replies ğŸ˜Š
84,1,And this credit also goes to Ik ğŸ˜Š
85,1,My other accounts:them both or get rekt! ğŸ˜„
86,1,Hey thanks for being top new followers this week! Much appreciated happy.1
87,1,Les videre ğŸ˜Š
88,1,clauditte
89,1,my friend is such an egg
90,1,congratulations David! Well done Mrs V! Welcome Jessica! ğŸ˜Š
91,1,have you tried these new hacks?! **TRYING DUMB LIFE HACKS 17**
92,1,Keep tweeting team. Higher! Thank you for the efforts. ğŸ˜Š ğŸ˜˜ TheFashionIcon
93,1,here are some very ğŸ˜Š boys to brighten up your day ğŸ˜Š
94,1,A huge thank you to all the within the Social Work Care Sectors! Keep up the great work ğŸ˜Š
95,1,Lunchtime with Flinthook! This game has so much personality ğŸ˜„
96,1,Ministers of PMLN are ğŸ˜Š like those students who never studied for exams luckily exams got delayed. They'll still ha
97,1,ğŸ˜„ When mom is a bit tired
98,1,What we did after the climax shot ğŸ˜Š
99,1,Miss Petite ğŸ˜Š Thursday ğŸ˜Š looking forward to the weekend?
100,1,rt quote with your name for a calligraphy of it ğŸ˜Š i'll try my best to make it pretty!! non mutuals/mutuals (ifb) fl
101,1,mutual: let's talk more!me: for sure!mutual: ğŸ˜Š me:
102,1,I got TH will add sim ant as a possible thanks ğŸ˜Š
103,1,If you want a friend in Washington
104,1,get a dog. ğŸ˜„
105,1,Congrats Winner ğŸ˜„ and it's Eyounji you did well my girl
106,1,Did you notice? There is no killings of RSS / BJP workers in another Southern State? CM is dismantling Xtian infra in Munnar?
107,1,Hi please rt my pinned post ğŸ˜Š
108,1,The video will definitely be a 30 minute episode if not longer.
109,1,I would ğŸ˜ to win these gorgeous nail polishes :D! Aren't they cute
110,1,Jae celebrating with Sheena Easton after the triumphant opening night of 42nd Street in the West End! ğŸ˜Š
111,1,Happy belated birthday ğŸ˜Š Another duet of you and Amaal is much needed
112,1,Your titties are fantastic. Kissy Kissy
113,1,Pls RT[NCT FIC] Love Song
114,1,Goodevening ğŸ˜Š
115,1,Ministers of PMLN are ğŸ˜Š like those students who never studied for exams luckily exams got delayed. They'll still ha.1
116,1,Thanks for the retweets this week. Much appreciated ğŸ˜Š Want this
117,1,=Thumbnail UHC= This is my best render ever :Dand Favs are appreciated brosOpinios ?
118,1,Thanks again for notifying us! We have updated our add-on plans accordingly ğŸ˜Š
119,1,Very cool! ğŸ˜Š surrounds you for a full recovery.
120,1,A nice morning working from today. Lovely atmosphere
121,1,friendly service
122,1,wifi
123,1,comforting London fog.
124,1,I just did ğŸ˜Š
125,1,Have a great day everyone ğŸ˜Š
126,1,Kiera's Quest: Awakenings (Kiera's Quest Book 1)
127,1,Have you voted for The Wolf's Bite on Greenlight yet? ğŸ˜Š help us get Wolfie Pigs on Steam!
128,1,Go back to school for music! I think I will in time happy.2
129,1,Here is a new thesis by another genius.Sir
130,1,we loved to have reply by you. ğŸ˜„ Now get lost .
131,1,your birthday isn't for another for hours for me
132,1,but ğŸ˜Š birthday hoe! have a good day
133,1,i ğŸ˜ you i guess ğŸ˜Š
134,1,Its hard to see your best friend with another girl ğŸ˜Š
135,1,The offer still going ğŸ˜Š
136,1,If you can't be there for someone at their worst then you don't deserve to be there at their best ğŸ˜Š ğŸ˜˜ TheFashionIcon
137,1,Demit the gocoh game is real ğŸ˜† with joy
138,1,Found use for the sewable LED holder ğŸ˜Š
139,1,Select from 14 award-winning Laura Taylor romance ebooks
140,1,So excited for the things coming in the future ğŸ˜Š things are going great
141,1,you guys are entertaining and insightful... and one of the reasons i have been really enjoying LPL a lot more this season ğŸ˜„
142,1,Thats how it sounds like at superbooth ğŸ˜Š
143,1,i want to learn the choreo but my ugly body says no ğŸ˜† with joy
144,1,Share the ğŸ˜ you're top engaged community members this week! Much Appreciated ğŸ˜Š
145,1,Hi Kylie
146,1,looking forward to you visiting! You've picked a great day too
147,1,the sun is shining ğŸ˜Š
148,1,Ok. Just please read the replies on this....
149,1,THIS RIGHT HERE.aren't you ğŸ˜Š you don't have [x]???NO. BECAUSE I'M STILL HERE IN THIS 'CONDITION' WITH NO I
150,1,To all FLA members and officers who are going to Cebu tomorrow silence Godbless piss off mga ante and angkol! ğŸ˜Š
151,1,for every like ill post an answer ğŸ˜­
152,1,Maybe not a band but we can definitely collab! Hi my name is Philip ğŸ˜Š
153,1,LEGO_Group: LegoThursdays JokerSquad_SWG LEGOLANDWindsor Sounds like you had lots of fun! ğŸ˜Š
154,1,a friend who would like a BRAND NEW Strapback hats only 14.99 at
155,1,yes you had ğŸ˜­
156,1,mata_tytan: almightyTANNER: good evening everyone ğŸ˜Š join our twitter party tonight. official tagline:TANN
157,1,First attempts of bird photography. :-) Passer domesticus. How surprising. ğŸ˜‰
158,1,People who don%27t know me always think I am quiet. People who do know me. wish I was ğŸ˜Š ğŸ˜˜ TheFashionIcon
159,1,Love you too P!
160,1,RT: good evening everyone ğŸ˜Š join our twitter party tonight. official tagline:TANNER WelcomeBackPH TMI
161,1,oh yes ğŸ˜Š
162,1,Hey Robert Rolih thanks for the follow! What does coastal living mean to you? Reply with photo ğŸ˜„
163,1,Have you ever been to AUSTRALIA! ğŸ˜„ Love your vids. Lovo on youtube ğŸ˜„
164,1,OPENING UP TO YOU LOT!RT LIKES WOULD BE LAAAAAVERLY ğŸ˜„ .xxENJOY
165,1,In other words they never missed articles ğŸ˜Š
166,1,IF THE BELOW TWEET HITS 1000 IS GETTING RIAN HOLDING THE STICKER TOO!!! Click the below tweet SM
167,1,Bill Nye Answers Science Questions From Twitter | WIRED
168,1,How are you doing today? ğŸ˜Š
169,1,We're ready for our next fire lighting session at - we have a few keen early birds here already ğŸ˜­
170,1,Go :*!!... I know you can do it..
171,1,If this gets 70rts I will giveaway 5 minecraft accounts and an origin account randomly to people who retw
172,1,Hi Mr. Yen! Will you be doing any signings in New York some day? Your a great role model ğŸ˜Š
173,1,it's just a cut during one of my kitchen experiments ğŸ˜Š
174,1,Wow i just made a JS compressor that actually checks scoped variables existing. Turns out i have a few issues ğŸ˜Š Linters may be useful ğŸ˜Š
175,1,This week Marilyn pops by and get's down and dirty ğŸ˜Š Cum see!
176,1,loool i'm mad avoid me today ğŸ˜„
177,1,You're welcome Thomas ğŸ˜Š Kim
178,1,Look at this ğŸ˜Š
179,1,He didn't play for a year
180,1,so I'm super impressed he's got his musical mojo back! Thank you so much ğŸ˜Š
181,1,Watch this MayWard Fam!
182,1,I was thinking the same. Our i know is so cute ğŸ˜Š
183,1,SONE who cant stream at Genie!You CAN stream for TY at Genie! We are still sharing some Genie IDs. If you want it.1
184,1,DM us ğŸ˜Š S.1
185,1,Mythbuster/20 ğŸ˜Š
186,1,Aha it's okay she's going to be on Rough Night ğŸ˜Š
187,1,Company photoshoot with our fabulous photographer ğŸ˜Š Look at this determination (concrete shoes) to get
188,1,Perfect
189,1,this worked out beautifully. If you redesign the import page to suit the whole application would mak
190,1,Hey
191,1,have a great day today ğŸ˜Š
192,1,Come volunteer at The Abbeydale Picture House! Next Wednesday...
193,1,Should have had Farnell Fursday isn%27t it ğŸ˜Š all meet up at Tax and Pounds ğŸ˜Š
194,1,Here's one of my rolls of 'Poundland' film! (A store that sells all products at 140.) And here's the DX d
195,1,Thanks for the recent follow Happy to connect ğŸ˜Š have a great Thursday..2
196,1,thanks ğŸ˜„
197,1,Love them! Can I get some? ğŸ˜­
198,1,OPENING UP TO YOU LOT!RT LIKES WOULD BE LAAAAAVERLY ğŸ˜„ .xxENJOY.1
199,1,Spending my night talking to my beloved ???Perfect.I LOVE YOU MAN! ğŸ˜Š
200,1,.Is the winner of the donation giveaway
201,1,answer this with yoyour steam trade link and ill send you right away ğŸ˜„
202,1,for the recent follow. Much appreciated ğŸ˜Š Want this?
203,1,I think I'm probably beyond repair by the sounds of tea etiquette ğŸ˜Š
204,1,.- layout- btob ğŸ˜Š
205,1,i am if you're still looking for one ğŸ˜Š
206,1,Sydney tomorrow
207,1,Byron in 3 weeks
208,1,Hobart in 7 weeks. Lots to look forward to ğŸ˜Š
209,1,I hit that
210,1,new job starts in to weeks! ğŸ˜„
211,1,Why do people on the internet have to be such asses annoyance Here's some positivity for you. I ğŸ˜ your art!!! ğŸ˜„ It's so pretty!!
212,1,The best community gathering coming up! We're full
213,1,but here's how you can be a part of this ğŸ˜Š
214,1,mutual: let's talk more!me: for sure!mutual: ğŸ˜Š me:.1
215,1,Happy birthday Megan ğŸ˜Š
216,1,Just wandering around
217,1,popping into a store
218,1,owner told me about it (as in article) ğŸ˜­
219,1,Did you see this one? ğŸ˜Š Transitional Piece // Chiffon Dress
220,1,Sixth spot not applicable Team! Higher pa! ğŸ˜Š ğŸ˜˜ TheFashionIcon.2
221,1,Thank you crew ğŸ˜Š
222,1,a little video i made for the ğŸ˜ of my life
223,1,Unnamed: 223
224,1,minute yoongi~watch 'til the end for a free cookie ğŸ˜Š
225,1,Just let is know when you'd like one ğŸ˜Š
226,1,you know what i really ğŸ˜ about you lot?not only do you support me in the comments
227,1,you also support each other! AN
228,1,I just did happy.1
229,1,hey.1
230,1,keep smiling happy.1
231,1,Nothing could be better ğŸ˜Š
232,1,so inspiring ğŸ˜† with joy
233,1,instant message fine yoo
234,1,thank you ğŸ˜Š
235,1,What a day! What better way to spend this sunny day than drinks by the shore ğŸ˜Š
236,1,I suppose they are waiting for you ğŸ˜Š
237,1,Aww hating that I got sponsored
238,1,how childish of you Commando ğŸ˜Š
239,1,Definitely wasn't what I was looking for ğŸ˜’ But gave it a try anyway ğŸ˜Š
240,1,The one with backward cap
241,1,please! :D| KenBie
242,1,blessing your first day of April ğŸ˜Š
243,1,Helloo ğŸ˜„ (keep_smiling_y)
244,1,my contribution to ( posted on my tumblr a while ago ğŸ˜† with joy )
245,1,Happy Birthday in Chopin style - Piano Improvisation
246,1,Yes
247,1,the problem is only affecting webmail itself. Accessing email from other applications works fine ğŸ˜Š ^mkl
248,1,He's the best ğŸ˜Š
249,1,where are you now? ğŸ˜Š
250,1,Enter to win 1 of to boxes of highly anticipated books! 6 books in each box! Open INT ğŸ˜Š
251,1,Congratulation my world ğŸ˜Š
252,1,Helloo ğŸ˜„ Mr Drippy (CallMeErgan)
253,1,good ğŸ˜† with joy i ğŸ˜ you so much
254,1,Wow awesome GOG! thanks ğŸ˜Š
255,1,Does anybody out there need any motion design or animation help? If so I am available ğŸ˜Š
256,1,YES!!! Neil Gaiman for life! ğŸ˜„
257,1,As the last event for chapter 1
258,1,we've invited 24 people to propose visions of the future. Jom ğŸ˜Š
259,1,Exaseetly what's happening in TN Politisees. This is not to get BJP at all to TN. Game is different. Again
260,1,you'll be see
261,1,i don%27t know doesnt seem fair to me..two against one ğŸ˜Š
262,1,Helloo ğŸ˜„ Braids! (keyrazygirl15)
263,1,Thank you mama bear! Ang ganda mo ğŸ˜Š
264,1,Okay
265,1,now I'm really out. ğŸ˜Š
266,1,Helloo ğŸ˜„ Kesh (MzKeshNJ)
267,1,As in most used. Stats don't care about motivation ğŸ˜Š
268,1,kind of jealous with you all laughs but it's ny fault for not working hard ğŸ˜Š
269,1,Appreciate your recent retweets Have a great Thursday ğŸ˜Š
270,1,SHOULD I STAY ? SHOULD I GO ? NOBODY KNOWS ğŸ˜Š
271,1,Helloo ğŸ˜„ Mack. (Macktimus)
272,1,LADIES! - tell me why yoyoyou don't play golf. What wyoyoyoud make yoyoyou want to play? Top 3 reasons yoyoyou DO play? heyjyoyoyoude66info
273,1,Thanks for the this week
274,1,much appreciated ğŸ˜Š
275,1,Nearly done now! Thanks everyone for joining and hope to see you same time next Thursday ğŸ˜Š
276,1,Oh that feel when you have 10 gems ğŸ˜„
277,1,Helloo ğŸ˜„ chammy (shamirakay)
278,1,Good luck to Rich riding for great project in this Sunday. Can you donate?.1
279,1,You too my friend. ğŸ˜­
280,1,RT: almightyTANNER: good evening everyone ğŸ˜Š join our twitter party tonight. official tagline:TANNER WelcomeB
281,1,Amazing stuff!!! Thansk for this ğŸ˜Š Birth Control - Gamma Ray (1972)
282,1,Noted on this Sir
283,1,The bus from Bangsar heading to Awan Besar. Have a Good Day ğŸ˜Š
284,1,Thanks for the recent follow Happy to connect ğŸ˜Š have a great Thursday. Want this
285,1,Helloo ğŸ˜„ Best damn avocado (Batsyy_)
286,1,lets agree she put her brain on knees ğŸ˜† with joy
287,1,Wish you were here ğŸ˜­
288,1,Everyone from getting punched ğŸ˜„
289,1,i welcome you to germany then. i have no authority to welcome you in the other countries though! ğŸ˜Š
290,1,better be oldschool ğŸ˜† with joy RS3 equals aids 3
291,1,Nothing could be better happy.1
292,1,PLEASE THIS BEAUTIFUL PRINCESS HAVE YOUR HELP
293,1,Give a little for her ğŸ˜Š
294,1,always running out of space on my phone
295,1,thank you kpop ğŸ˜† with joy
296,1,One by one Allah ease my problem . Lot of thanks to Him ğŸ˜† with joy
297,1,thank you for sharing ğŸ˜Š
298,1,Nothing could be better happy.2
299,1,Hopefully it should be OK ğŸ˜Š Charts don't look too bad at moment but depends on tides directions
300,1,Keep
301,1,soon :' I need you so much ğŸ˜† with joy {} I need you kaswa :'
302,1,Only laksa can make me okaay now ğŸ˜† with joy I need laksa
303,1,Helloo ğŸ˜„ car fox (ror925)
304,1,Thanks for connecting We are passionate about - hope you like our tweets happy.1
305,1,mutual: let's talk more!me: for sure!mutual: ğŸ˜Š me:.2
306,1,Who wants some good vibes? Watch this on YouTube or TV100 application now for FREE happy.1
307,1,Tara
308,1,Hi
309,1,all! I'm Roy Dahildahil
310,1,co-founder of and I'll be moderating tonights tweetchat. ğŸ˜Š
311,1,SONE who cant stream at Genie!You CAN stream for TY at Genie! We are still sharing some Genie IDs. If you want it.2
312,1,DM us ğŸ˜Š S.2
313,1,Enjoy ğŸ˜Š
314,1,Happy Thursday loves!! ğŸ˜Š
315,1,Good Morning Peady
316,1,you need a direct coffee feed to Starbucks ğŸ˜Š
317,1,You better check this out
318,1,Thanks for the recent follow Happy to connect ğŸ˜Š have a great Thursday. Want this.1
319,1,Ummm announced a new show in Buffalo! He should ask to be an opener! ğŸ˜Š
320,1,The world is so big. Too big for our problems and worries to take over our world. There is much to ğŸ˜­ for ğŸ˜Š
321,1,Friday after the conference some of us will go for dinner to favourite ğŸ˜­
322,1,Follow to a Saga diary and a year's worth of Saga pens ğŸ˜Š TCs
323,1,Im done trying to take men seriously ğŸ˜Š
324,1,for being top High Value Members this week ğŸ˜Š
325,1,okay ğŸ˜Š
326,1,little fans. - ğŸ˜Š
327,1,Here's the full art for both Glyph Keeper and his mummy token. For those interested they will be hitting ebay tonig
328,1,Seokjinie went to Everland today~ I guess he forgot that he's an idol
329,1,which is good for him ğŸ˜Š
330,1,Welcome ğŸ˜Š
331,1,i wasn't saying i read a book today
332,1,i was telling you to read a book today. knowledge is power. knowledge is growth. kee
333,1,in game you move him to camera ğŸ˜Š
334,1,Veronice and Jughead! ğŸ˜Š
335,1,oh my god it's raining where i live too ğŸ˜† with joy AND STOP OMG I WANNA CUDDLE HIM NOW
336,1,Hehe take care Andy friend ğŸ˜Š
337,1,vocal coach IG post:
338,1,Hold off the frowns until you've used the new application - which is made by the same team! ğŸ˜Š
339,1,I ğŸ˜ it when Ben sleeps in because I get to watch all the programmes I want on Netflix without interruption !!!! ğŸ˜Š
340,1,Thanks ğŸ˜Š
341,1,Nothing could be better happy.3
342,1,Thank you crew happy.1
343,1,Someone asked me Hows life? I just smiled and replied
344,1,Shes fine ğŸ˜Š ğŸ˜˜ TheFashionIcon
345,1,Yeaaaah! Alpha Invitation well received ğŸ˜Š
346,1,Good luck Swampy ğŸ˜Š
347,1,What to do when you are feeling bad - buy a new book and get engrossed into a new world ğŸ˜Š
348,1,in may go away ğŸ˜Š
349,1,April is really really bloody. I'm so proud of our boys ğŸ˜† with joy
350,1,Have you smiled today? Never forget to ğŸ˜­ ğŸ˜Š
351,1,Then and now ğŸ˜Š
352,1,Gott ğŸ˜Š
353,1,Nothing could be better happy.4
354,1,There you guys. Read it for once at least. ğŸ˜† with joy
355,1,I hope Louis gets all the off time that he wants and comes back fresh and ğŸ˜Š ğŸ˜Š
356,1,Yes we can do that! ğŸ˜Š
357,1,Famfrit with and people ğŸ˜Š
358,1,But
359,1,er
360,1,sloths are great? So it's a good un-unthinkable picture? Have I dug mysel
361,1,Thanks much appreciated ğŸ˜Š The magic of
362,1,On our way home ğŸ˜Š ğŸ˜Š si Noah sa skyranch
363,1,Thanks for the recent follow Happy to connect ğŸ˜Š have a great Thursday. Want this.2
364,1,This is why I made the video about improving your line work on YouTube
365,1,when you have to do things like this ğŸ˜Š
366,1,Client work for rt and favorite ğŸ˜Š
367,1,Everything is a choice ğŸ˜Š
368,1,Awesome! makes a good nurse maid
369,1,huh? ğŸ˜Š
370,1,Thanks for the recent follow Happy to connect ğŸ˜Š have a great Thursday..3
371,1,Thanks for being top engaged community members this week ğŸ˜Š - Try this too
372,1,Thanks for the recent follow Happy to connect ğŸ˜Š have a great Thursday..4
373,1,Funny ğŸ˜Š
374,1,1st day of JA Entertainment's Marathi Film Savita Damodar Paranjpe Have been a big fan of this story. Finally get
375,1,Its been a good day hey. ğŸ˜Š
376,1,mutual: let's talk more!me: for sure!mutual: ğŸ˜Š me:.3
377,1,Surround yourself with positivity ğŸ˜Š
378,1,Still live!
379,1,And GST is the brain child of our Modiji ğŸ˜Š Perfect!
380,1,She also makes some of the most beautiful art (my biggest inspo) All for sale if anyone is interested ğŸ˜Š
381,1,Thanks for the recent follow Happy to connect ğŸ˜Š have a great Thursday. Want this.3
382,1,Thanks for up-voting us on PH ğŸ˜Š
383,1,good
384,1,that might have cost you $3 a month!!!! ğŸ˜Š
385,1,Great to see you buddy nicest dude in the world. Keep killing it brother ğŸ˜Š
386,1,i have bronchitis i ğŸ˜ that ğŸ˜Š
387,1,Thanks for the recent follow Happy to connect ğŸ˜Š have a great Thursday. Want this
388,1,20% off all Knight Day Jewellery ends this Sunday-Why not pick up something nice for
389,1,The Bank Job
390,1,coming soon to a screen near you.
391,1,157 days to go ğŸ˜Š
392,1,going to go meet andrew for lunch now but i'll be back at to or to :30
393,1,i'm upstairs to the right ğŸ˜Š
394,1,We're you also at our signing session with Qian Liu Jared Wright after the last performance of Onegin? Share your
395,1,Happy birthday
396,1,Bram Stoker. Can't wait to show you in bronze soon. ğŸ˜Š
397,1,Not in the tweet I ve meant the article itself ğŸ˜Š
398,1,i send people bunny pics
399,1,let me know if you're up for that ğŸ˜Š
400,1,Thanks for being top engaged community members this week ğŸ˜Š (Want this ?
401,1,If you're an aspiring developer in or near Krakw this is an excellent opportunity. They even pay their interns ğŸ˜Š
402,1,Thankfully I didn't have to chop it myself
403,1,arrived on the back of a little tipper lorry ğŸ˜­
404,1,Prepare to be inspired! ğŸ˜Š
405,1,Ready Now! One 9 week old chocolate female puppy from Harlowe x Sterling! ğŸ˜Š This girl is a sweetheart and has a...
406,1,Again as I said I do see your concerns. But I assure you sir that Hinduism will stay Dharma and will no
407,1,This is just super Can't wait ğŸ˜Š
408,1,Notice anything unusual? Happy birthday to the lovely Frooty! ğŸ˜Š
409,1,Rose come to him! He's really your enthusiast :-D using SO MUCH not SO MAY! :-) ~~~
410,1,Thanks for the follow ğŸ˜Š If we can help your business in anyway please get in touch
411,1,Thanks for the recent follow Happy to connect ğŸ˜Š have a great Thursday..5
412,1,.a scan for your tumblr ğŸ˜Š
413,1,New Upcoming Heroes REVEALED! WUKONG
414,1,DRAGON MORE! OMG ğŸ˜„
415,1,This never happened with our ğŸ˜Š
416,1,Awesome recommendation Jess! Listened to the
417,1,thanks b ğŸ˜Š
418,1,Congratulations
419,1,you've got the message ğŸ˜Š
420,1,That's kaki no tane and it's amazing! Foyound a place here in Germany where you can import it! ğŸ˜„
421,1,No breaks and a first practice exam ğŸ˜Š
422,1,made dinner for two tonight ğŸ˜Š
423,1,Share the ğŸ˜ you're top engaged community members this week! Much Appreciated happy.1
424,1,You know exactly what I'm talking about ğŸ˜Š
425,1,Thanks for the recent follow Happy to connect ğŸ˜Š have a great Thursday. Want this ?
426,1,Shihaaaa help me on my bishie hunttt equals ^ equals )
427,1,Puzzle Pieces [64]rt and like for the next please ğŸ˜Š {20 rts
428,1,30 likes?} hehe
429,1,dropped you a follow on Twitch ğŸ˜Š
430,1,So many cool games and updates release today. ğŸ˜Š
431,1,isn't it terrible that we live in a world where we have to address anticipated criticism of our thoughts first? ğŸ˜Š
432,1,that I said
433,1,chaged for the best for our Singto. Please
434,1,cheer up the new administrator team. ğŸ˜Š
435,1,Seems you like my black lingerie picture then ğŸ˜Š
436,1,Thanks for being top engaged community members this week ğŸ˜Š Want this
437,1,Good morning! I hope you slept well~ ğŸ˜Š
438,1,This never happened with our happy.1
439,1,A lot of games this month? ğŸ˜„
440,1,me everything and anything these days
441,1,how do we book the cars service for the swards tommorow ğŸ˜„
442,1,Thanks for your feedback! It' just the starting phase
443,1,there will be more figures ğŸ˜Š
444,1,Can I pop in a request for assassin shower gel? ğŸ˜Š
445,1,mutual: let's talk more!me: for sure!mutual: ğŸ˜Š me:.4
446,1,Looking forward to this. Come out to see us! Our booth is going to be right in the center of the field. ğŸ˜Š
447,1,thanks a lot
448,1,will check it ğŸ˜Š
449,1,Well this was fun. Thanks for stopping by and giving me shit tonight fellas ğŸ˜„ much love. FeelsGoodMan
450,1,You kills me ğŸ˜† with joy
451,1,see the next tweet! I did about 5 different things while keeping very calm
452,1,can list them if you want ğŸ˜Š
453,1,thanks for the recent follow
454,1,much appreciated ğŸ˜Š Want this ?
455,1,How people write a joke on religion online.*Joke**Just joking guys
456,1,no offence ğŸ˜Š ** Don't want to hurt anyone. All i
457,1,Thanks for the recent follow Happy to connect ğŸ˜Š have a great Thursday. Want this.1
458,1,Not yet! Maybe this year ğŸ˜Š
459,1,Hey thanks for being my top new followers this week! Much appreciated ğŸ˜Š Want this ?
460,1,Jack and Finn Harries ğŸ˜† with joy
461,1,I don't think you'd understand how much a stream would mean ğŸ˜Š even if it is very make-do
462,1,it would be awesome.
463,1,No stress Mariana
464,1,Beetle done and joins Wall-E
465,1,the Mini and the Campervan ğŸ˜Š
466,1,Stats for the day have arrived. 1 new follower and NO unfollowers ğŸ˜Š via
467,1,why i didnt save it ğŸ˜Š going to re-color again the
468,1,Share the love: thanks for being top new followers this week ğŸ˜Š
469,1,Thanks for the recent follow Happy to connect ğŸ˜Š have a great Thursday. Want it
470,1,I considered asking where that came from. ğŸ˜„
471,1,Thanks by has notice of me Greetings : JossetteD'Hermanni
472,1,thanks for the recent follow. Much appreciated ğŸ˜Š (Want this for It's Magical!
473,1,Thank you so much my friend ğŸ˜­ xx
474,1,Worship me and spoil me ğŸ˜Š
475,1,Stats for the day have arrived. 1 new follower and NO unfollowers ğŸ˜Š via.1
476,1,Superstar thanks so much for the kind words! Look forward to seeing you soon buddy ğŸ˜­
477,1,New second home coming soon! ğŸ˜„
478,1,I used to like my neighbours
479,1,until they put a password on their Wi-Fi ğŸ˜Š ğŸ˜˜ TheFashionIcon
480,1,you still syoure ? ğŸ˜„
481,1,thanks for the recent follow. Much appreciated ğŸ˜Š Want this ?
482,1,hi cham
483,1,any updates about the batch 1 of army bomb v2? ğŸ˜Š
484,1,Do ğŸ˜Š we are at 27 million keep it up ğŸ˜Š and we are at 71 million we are so close to have another 100m
485,1,Just photoblogged! ğŸ˜Š Re-using old locations
486,1,mutual: let's talk more!me: for sure!mutual: ğŸ˜Š me:.5
487,1,NEW VIDEO!Stream Montage - we finally unboxed a Spectrum Knife ğŸ˜Š Hope you like it! here:
488,1,minah starts ğŸ˜† because of the fans and yura hyeri make her laugh to cheer her up.. I can't ğŸ˜† with joy
489,1,Stats for the week have arrived. 1 new follower and NO unfollowers ğŸ˜Š via
490,1,ready for 420 ğŸ˜Š
491,1,FAT ASS GIRL FAT FETISH760 HOT VIDEOS ONLINE
492,1,thanks for the recent follow. Much appreciated ğŸ˜Š - I sent this with
493,1,And he said it silence in Morgan Freeman's voice ğŸ˜Š
494,1,Thank you ğŸ˜Š
495,1,If you eat your steak well done please unfollow me ğŸ˜Š
496,1,Hows the quintly trial ğŸ˜Š ?
497,1,This is what life is about. Enjoy ğŸ˜Š
498,1,Stats for the week have arrived. 1 new follower and NO unfollowers ğŸ˜Š via.1
499,1,lips though
500,1,Exaseetly what's happening in TN Politisees. This is not to get BJP at all to TN. Game is different. Again.1
501,1,you'll be see.1
502,1,Our crazy EASTER! Our donkey is insane! Seriously crazy haha!
503,1,Morning. Coffee time ğŸ˜Š
504,1,thanks for the recent follow. Much appreciated ğŸ˜Š Want this ?
505,1,thanks for the recent follow. Much appreciated ğŸ˜Š Want this
506,1,we would ğŸ˜ to have you as a guest on podcast sometime!!! Only 15 minute ğŸ˜­ interested???
507,1,KissWard tagline:tweet with us Pans ğŸ˜Š NoOneCanSTOP KissWard
508,1,Thank you crew happy.2
509,1,I ğŸ˜ my six pack so much
510,1,I protect it with a layer of fat ğŸ˜Š ğŸ˜˜ TheFashionIcon
511,1,Share the love: thanks for being top new followers this week happy.1
512,1,Share the ğŸ˜ - High Value Members of this week ğŸ˜Š
513,1,If looks could kill......... ğŸ˜­
514,1,Or the station didn't check. ğŸ˜Š Surely some combination of 0xx-xxx-x938 or 0xx-9
515,1,Nothing moves faster than a girl untagging herself from an ugly picture ğŸ˜Š ğŸ˜˜ TheFashionIcon
516,1,You too. ğŸ˜­
517,1,This is great ğŸ˜Š
518,1,Happy 10th Wedding Anniversary Aishwarya Rai-Abhishek Bachchan ğŸ˜Š
519,1,Swanmen setting up! Pablo is waiting for more news to happen ğŸ˜Š
520,1,Thanks for up-voting us on PH happy.1
521,1,Hiii. . Gentleman Commander (Bryannousaurus) ğŸ˜Š
522,1,Thanks for the recent follow Happy to connect ğŸ˜Š have a great Thursday..6
523,1,Joo okay ğŸ˜Š
524,1,Close up of the animation 3I will post the second part soon! ğŸ˜Š
525,1,We don%27t spam him in any way
526,1,we just reply to his tweets?? Like all his other followers do.....This is pointless
527,1,Unnamed: 527
528,1,thanks for the recent follow. Much appreciated ğŸ˜Š Want this ?.1
529,1,Hiii. . Reece (ReeceBoast) ğŸ˜Š
530,1,Alaye give me iphone7 or dollars for my birthdayDo normal abeg
531,1,thanks for the recent follow. Much appreciated ğŸ˜Š Get it
532,1,Superstar thanks so much for the kind words! Look forward to seeing you soon buddy smile.1
533,1,Naeem Bokhari says... Mian has gone !! are so cute NB ğŸ˜Š But NS is ugly evil.
534,1,that's insane! good luck for that! I took it off yesterday afternoon. ğŸ˜„
535,1,Have I told you lately that olive juice? ğŸ˜„
536,1,Updated the text for my video intro by drawing it with the line tool in Paint Tool Sai. ğŸ˜Š
537,1,#NAME?
538,1,.Thanks ğŸ˜Š
539,1,I hate people who steal my ideas
540,1,before I think of them ğŸ˜Š ğŸ˜˜ TheFashionIcon
541,1,I've been given a Custom Console Bundle to giveaway! ğŸ˜Š this tweet be following me to enter! Ends
542,1,And give one to every student and myswlf ğŸ˜Š
543,1,Don't mention it! ğŸ˜„
544,1,Episode two now ğŸ˜† with joy
545,1,I'm surprised you don't use an Adblocker! ğŸ˜Š
546,1,I just wanted to say thank you for following me
547,1,I really appreciate it. Hope you have a brilliant day ğŸ˜Š
548,1,Happy 4/20 ğŸ˜Š I'm drug free I've never smoked weed before.
549,1,mutual: let's talk more!me: for sure!mutual: ğŸ˜Š me:.6
550,1,blocked by christensen.another notch on the belt. ğŸ˜Š
551,1,Just over 91% in favour of the unelectable Jeremy Corbyn ğŸ˜Š
552,1,Best advice on Blogging. ğŸ˜Š
553,1,Teaser coming out today at 4pm!Story
554,1,music and direction by of my favourites by
555,1,aw BCC is having a PRIDE prom and i kind of want to go ğŸ˜Š
556,1,If school has taught us anything
557,1,its texting without looking ğŸ˜Š ğŸ˜˜ TheFashionIcon
558,1,good morning messages never fail to make me ğŸ˜­ ğŸ˜Š
559,1,thanks for the recent follow. Much appreciated ğŸ˜Š Want this.1
560,1,SAP did you also use
561,1,Shoutout to for the donation. Looks like I'm streaming some Stanley Parable later ğŸ˜Š
562,1,unfollowing bye ğŸ˜Š
563,1,thank you for 2k likes on my banner project ğŸ˜Š
564,1,Hi ğŸ˜„ Retweet for a follow!!!
565,1,? News ? ğŸ˜„
566,1,When your efforts pay off... ğŸ˜Š
567,1,no pressure ğŸ˜Š
568,1,HAPPY BDAY MIDAWGDARNIZLLE i ğŸ˜ you a long time ğŸ˜Š thanks for being my best friend forever and attempting to travel on the road
569,1,Fri or Thu? I'm going to the Friday showing ğŸ˜„
570,1,I was thinking about how I don't want to go to school and I'm suddenkyfeeling good ğŸ˜Š
571,1,no i don%27t ğŸ˜Š )
572,1,tonight 7pm
573,1,A Treaty could provide security/ tech for culture development ğŸ˜Š
574,1,Thanks for the recent follow Happy to connect ğŸ˜Š have a great Thursday. Get it
575,1,more goodies spotted! ğŸ˜„
576,1,Another great day out in Westhoughton
577,1,delivering the Conservative message of strong stable leadership. ğŸ˜Š
578,1,morning ğŸ˜Š
579,1,I had that down south and had no issues
580,1,going to see what's about and speak to people that live near to me and see what they use ğŸ˜Š
581,1,I've been trying to bank sleep all week ğŸ˜Š I doubt I'll be able to sleep Friday or Saturday night
582,1,Unnamed: 582
583,1,i understand....i do silly shit like that to make my friends ğŸ˜­ ğŸ˜Š
584,1,Well.1
585,1,I guess it's a good thing then to bring it right to the foreground and put it right in their face
586,1,thanks for the recent follow. Much appreciated ğŸ˜Š Want this
587,1,you know what i think? you look exceptional for a new Mum
588,1,my tum is still like that 20yrs on. ğŸ˜Š
589,1,Who is the Prime Minster of Pakistan ? Nawaz Sharif Hahahahah ğŸ˜Š SorryUncle
590,1,Sure is ğŸ˜Š
591,1,Agreed! I feel like I've skipped too many css/design fundamentals. I'm spending the next couple of
592,1,Hey thanks for being top new followers this week! Much appreciated happy.2
593,1,It will be at random on twitch ğŸ˜Š
594,1,Good morning every one
595,1,Order what ever you want to eat through our website.May you all have a great day ğŸ˜Š
596,1,thanks for the recent follow. Much appreciated ğŸ˜Š Get this
597,1,That would be a great trick ğŸ˜Š
598,1,OMG I'M SO HAPPY!! new video about ma bigbang babies ğŸ˜Š
599,1,ğŸ˜Š birthday ! ğŸ˜Š hope you have a good one
600,1,because you are one ğŸ˜Š
601,1,Totoo po? Waaahhh may heart!!! Heart everywhere ğŸ˜Š ğŸ˜ it
602,1,Good morning every one.1
603,1,Order what ever you want to eat through our website.May you all have a great day happy.1
604,1,Thank you so much sir ğŸ˜Š please watch the film and call me ğŸ˜Š
605,1,thanks! ğŸ˜Š
606,1,ğŸ˜Š Me too I hope
607,1,they are real subs and here's the link for the video ğŸ˜Š
608,1,Opening sentences of ğŸ˜Š
609,1,rt for 50 ffs-rt pinned tweet!!-be patient -legiiiiiiit-no saved accounts ğŸ˜Š
610,1,Thanks for being top engaged community members this week ğŸ˜Š Want this ?
611,1,Jem did the Dark Star Orianna splash with assistance from Alex! ğŸ˜„ She's done lots of splash updates
612,1,check her AS:
613,1,Gippy Grewal will be online on Twitter at 3 PM
614,1,just type and ask anything you like ğŸ˜Š aa jao for
615,1,Hi guys! ğŸ˜Š We're looking for to bartenders/mixologists to work with us at an upcoming event. DM us
616,1,Thanks for the recent follow Happy to connect ğŸ˜Š have a great Thursday..7
617,1,Thanks for the recent follow Happy to connect ğŸ˜Š have a great Thursday..8
618,1,Physics will have 80 formulas to memorize Ha.ha.ha ğŸ˜Š
619,1,i'm grateful to my mom for giving birth to me and not abort me ğŸ˜† with joy
620,1,Thanks for the recent follow Happy to connect ğŸ˜Š have a great Thursday..9
621,1,You nailed it!!!!! Brought tears to my eyes
622,1,i got goosebumps
623,1,beautiful set
624,1,the perfect dress
625,1,and totally of
626,1,Ah awesome! Pixel art stuff by any chance? ğŸ˜Š
627,1,Share the ğŸ˜ you're top engaged community members this week! Much Appreciated happy.2
628,1,Please
629,1,please! Watch the AFL Anzac Game on Tuesday! It's a VERY big tradition here and you'll ğŸ˜ the sport! ğŸ˜Š
630,1,Another day! Good morning!! It's April 20
631,1,2017 at 07:00AM!! kamusta? don't forget to eat your breakfast guys! ğŸ˜Š
632,1,yess ğŸ˜† with joy
633,1,Home run !!!! And yes Charlie is at the game ğŸ˜Š
634,1,You say VUCA
635,1,I say TUNA ğŸ˜Š
636,1,Thanks for the recent follow Happy to connect ğŸ˜Š have a great Thursday. (Want this? It's FREE!
637,1,where ? ğŸ˜Š
638,1,Good morning every one.2
639,1,Order what ever you want to eat through our website.May you all have a great day happy.2
640,1,HAPPY 16th BIRTHDAY TO MY BFF! I may only be 15 and a half but I'll have you to take me places ğŸ˜Š have a great birt
641,1,thank you ğŸ˜Š
642,1,Thanks for the recent follow Happy to connect ğŸ˜Š have a great Thursday. Want this.2
643,1,Good morning every one.3
644,1,Order what ever you want to eat through our website.May you all have a great day happy.3
645,1,Nice
646,1,congratulations to both of you. ğŸ˜Š
647,1,I had all and then most of you
648,1,some and now none of you ğŸ˜† with joy
649,1,Thanks for the recent follow Happy to connect ğŸ˜Š have a great Thursday. Want this ?
650,1,Here's me being brutally respectable in a suit... enjoy ğŸ˜Š contrast so you appreciate mo
651,1,If you're a CHAMPION
652,1,let me know! :-) (I'M A CHAMPION!!!!!)Elder Lenore A. ArtisMinistries...
653,1,Great songs ğŸ˜Š Who are your favourtie member? x
654,1,Thanks for the recent follow Happy to connect ğŸ˜Š (Want this? It's FREE!
655,1,Charge to experience muna ğŸ˜Š
656,1,Superstar thanks so much for the kind words! Look forward to seeing you soon buddy smile.2
657,1,.Thanks so much for the RT
658,1,and have yourself a groovy Thursday! ğŸ˜Š
659,1,Stats for the day have arrived. to new followers and NO unfollowers ğŸ˜Š via
660,1,In Melbourne please ğŸ˜Š
661,1,Thanks for the recent follow Happy to connect ğŸ˜Š have a great Thursday. Get it.1
662,1,Thanks for the recent follow Happy to connect ğŸ˜Š have a great Thursday..10
663,1,That would be a great trick happy.1
664,1,i have a goal today ğŸ˜Š i%27m going to accomplish it
665,1,Kids versus Legends ğŸ˜† with joy
666,1,ğŸ˜Š birthday nimesh!!! ğŸ˜Š
667,1,good morning
668,1,Mike. Blessings to you. ğŸ˜Š
669,1,Thank you happy.1
670,1,FACIALS ğŸ˜Š
671,1,I'll keep you awake ğŸ˜Š
672,1,Hello everyone
673,1,have a great Thursday! Looking forward to reading your tweets ğŸ˜Š Want this ?
674,1,if josie
675,1,val and reggie had more screentime riverdale wouldn't be half as bad as it is ğŸ˜Š
676,1,Thanks for the recent follow Happy to connect ğŸ˜Š have a great Thursday. Want this.4
677,1,National BitBucket Unfriending Day to save $2 ğŸ˜­
678,1,Share the love: thanks for being top new followers this week happy.2
679,1,mutual: let's talk more!me: for sure!mutual: ğŸ˜Š me:.7
680,1,Hi Carlo! I'm okay nmn. Howdy? ğŸ˜Š
681,1,Those chibis though!!' ğŸ˜„
682,1,no I'm waiting for jail break ğŸ˜Š
683,1,rt for 13 ffs-it's not much but they're free-legit-free but follow me first to get them quicker-be patient i will g
684,1,Hi Guys
685,1,have a great Thursday! Looking forward to reading your tweets ğŸ˜Š (Want this? It's FREE!
686,1,You too man ğŸ˜Š
687,1,A Chub bun because its Easter! Happy Easter! His name is Almond! ğŸ˜„
688,1,to pork pies ğŸ˜Š
689,1,A Chub bun because its Easter! Happy Easter! His name is Almond! :D.1
690,1,Thank you so much ğŸ˜­
691,1,Your generous support is an integral part of my ğŸ˜Š Thank you for the like!!
692,1,there we go again ğŸ˜­
693,1,Naeem Bokhari says... Mian has gone !! are so cute NB ğŸ˜Š But NS is ugly evil..1
694,1,Thanks for being top engaged community members this week ğŸ˜Š - I sent this with
695,1,ABC News got ahold of me and asked if they could use a few seconds of my coming out video for a transgender special this f
696,1,Thanks for sharing ğŸ˜Š
697,1,Thanks for the recent follow Happy to connect ğŸ˜Š have a great Thursday. Want it.1
698,1,i'm still in my bedroom and scared of going out ğŸ˜Š
699,1,amazing work ğŸ˜„
700,1,thanks for the recent follow.1
701,1,much appreciated ğŸ˜Š Want it
702,1,Hi ! I want to speak to you about a business partnership. ğŸ˜Š
703,1,Thanks for the recent follow Happy to connect ğŸ˜Š have a great Thursday..11
704,1,Thank you so much Willow! You helped me ring in the birthday with that amazing stream last night ğŸ˜„
705,1,Another great song Have a listen. Its good! You may well like it ğŸ˜Š
706,1,Follow him ğŸ˜Š
707,1,A7atein Because One 'A7a' Just Isn't Enough ({}) ğŸ˜„
708,1,tats! I have question ğŸ˜Š
709,1,Another great song Have a listen. Its good! You may well like it happy.1
710,1,Ooh
711,1,can't wait for those revealing qa's. ğŸ˜Š
712,1,From soup and sandwiches to slow cooked pork
713,1,our lovely lunch menu is sure to please! ğŸ˜­
714,1,Awww yeah ğŸ˜„
715,1,What a ğŸ˜” life it must be
716,1,getting 70k
717,1,and still not being rich - try getting a life
718,1,instead of just money
719,1,I'd say ğŸ˜„
720,1,Hello everyone.1
721,1,have a great Thursday! Looking forward to reading your tweets ğŸ˜Š Want this
722,1,Happy birthday have a good day ğŸ˜Š
723,1,Thanks for the recent follow Happy to connect ğŸ˜Š have a great Thursday..12
724,1,Hey.1
725,1,you can get a professional one here
726,1,That would be a great trick happy.2
727,1,That's why I say at the end of my videos If you liked it
728,1,give it a Like ğŸ˜Š it's all about choice! ğŸ˜„
729,1,THANK YOU ğŸ˜Š
730,1,IF YOU ARE READING THIS I HOPE SOMETHING GREAT HAPPENS ğŸ˜­
731,1,Thanks for the recent follow Happy to connect ğŸ˜Š have a great Thursday..13
732,1,Rt for an indirect from and me ğŸ˜Š
733,1,Client work for rt and favorite happy.1
734,1,Do you want me to follow you back? If you do this tweet and I will. ğŸ˜Š only
735,1,And the website is down since long ğŸ˜Š
736,1,friendly reminder that you can enjoy a movie or television show without having to trash another ğŸ˜Š
737,1,With the help of made these sent starters for P1Q3. Open to suggestions on how to improve ğŸ˜Š
738,1,Hello 1372 followers - thank you so much for following! Will ğŸ˜ to read your Tweets ğŸ˜Š Want this ?
739,1,Thanks for the recent follow Happy to connect ğŸ˜Š have a great Thursday..14
740,1,Thanks for being top engaged community members this week ğŸ˜Š Want this?
741,1,Happy 420 everyone ğŸ˜Š
742,1,HAPPY BIRTHDAY To the cyoutest/fyounniest a d you l t I know :')Have a good day Coreo Boreo
743,1,congrats! ğŸ˜„
744,1,Mmmm... the blood of my enemies... ğŸ˜Š
745,1,Thanks for the recent follow Happy to connect ğŸ˜Š have a great Thursday. Want this ?.1
746,1,I know vearey moving. and TWISTY! And you aaree are
747,1,Tell us about ğŸ˜Š
748,1,Share the love: thanks for being top new followers this week ğŸ˜Š Want it
749,1,Seokjinie went to Everland today~ I guess he forgot that he's an idol.1
750,1,which is good for him happy.1
751,1,a beautiful day ğŸ˜Š
752,1,Congrats on your ğŸ˜„
753,1,SONE who cant stream at Genie!You CAN stream for TY at Genie! We are still sharing some Genie IDs. If you want it.3
754,1,DM us ğŸ˜Š S.3
755,1,25x25? I can go first ğŸ˜Š
756,1,TICKETS AVAILABLE NOW for The 401 Festival of Running 2017
757,1,find out more and sign up at
758,1,So Happy It's Thursday*
759,1,or SHIT for short ğŸ˜Š *Thanks to my friend maddy over at
760,1,I'm on a road with no destination . I'm just driving with a hope to find some place I like and stay there
761,1,I'm not lost
762,1,Thanks for the retweets this week. Much appreciated ğŸ˜Š Want this? It's FREE!
763,1,First ğŸ˜Š
764,1,Good luck ğŸ˜Š
765,1,Update: I got in ğŸ˜„
766,1,Thanks ğŸ˜­ much better today and thanks for the message.
767,1,My real time ğŸ˜Š
768,1,Many thanks
769,1,Anne! ğŸ˜Š
770,1,i wasn't saying i read a book today.1
771,1,i was telling you to read a book today. knowledge is power. knowledge is growth. kee.1
772,1,lolo bin are you fucking mental screenshot ğŸ˜„ HAHA
773,1,What texts are you doing? ğŸ˜Š I've got the same issue!
774,1,Hey thanks for being top new followers this week! Much appreciated happy.3
775,1,Hi Han
776,1,if you follow and DM us we will be able to assist you. Chris ğŸ˜Š
777,1,Thanks for the recent follow Happy to connect ğŸ˜Š have a great Thursday. Want this ?.2
778,1,This was awesome-- has two fill-ins this week ğŸ˜Š
779,1,Maayos didn%27t ang lahat ğŸ˜Š lets give him a space and time ğŸ˜Š
780,1,Did you notice? There is no killings of RSS / BJP workers in another Southern State? CM is dismantling Xtian infra in Munnar?.1
781,1,TypingCure
782,1,class hall missions and heroic dungeons surprised ğŸ˜„
783,1,Surround yourself with positivity happy.1
784,1,pretty ğŸ˜Š
785,1,On moral grounds this verdict is in favor of PTI ğŸ˜Š becoz to out of 5 judges clearly mention that our PM is...
786,1,AVI for my man ğŸ˜Š Phone made like always ğŸ˜‰
787,1,Share the love: thanks for being top new followers this week happy.3
788,1,tonight 7pm.1
789,1,Playoffs rematch complete! Feels good going to worlds again ğŸ˜„
790,1,Im getting one too ğŸ˜­ ğŸ˜­ ğŸ˜­ ğŸ˜­
791,1,Spose you don't have to pay for accomodation which is nice haha? Or are you going to stay somewhere anyway? ğŸ˜Š
792,1,A little bit overdramatic death ğŸ˜Š
793,1,This is great to hear Joanna! ğŸ˜Š We're so pleased you've had a good experience.
794,1,I think I'm going to check out Even though I hear it's not as good as UE4 I believe it might be cool to tr
795,1,Here is the link for Seventeen's Yokohama Concert with English subs ğŸ˜Š DDL:
796,1,thanks
797,1,I can't wait to actually see a copy ğŸ˜­
798,1,Thank you crew happy.3
799,1,Thanks for the recent follow Happy to connect ğŸ˜Š have a great Thursday. Want it.2
800,1,Sup guys? ğŸ˜„
801,1,Facts About Parrots in Minecraft coming soon!! ğŸ˜„
802,1,Thanks for the recent follow Happy to connect ğŸ˜Š have a great Thursday..15
803,1,made dinner for two tonight happy.1
804,1,Same ğŸ˜Š I'll see closer to the con but it's no more than five or so. Lol same ğŸ˜„
805,1,The tutorial of Michel Grundstein Distinguishing Information from Knowledge.. will start at 15pm. Be here ğŸ˜Š
806,1,Thanks for the recent follow Happy to connect ğŸ˜Š have a great Thursday..16
807,1,I look good in blue ğŸ˜Š
808,1,Thanks for the recent follow Happy to connect ğŸ˜Š have a great Thursday..17
809,1,Jyoust a reminder... thank you for this ğŸ˜Š
810,1,Your body hears everything your mind says. Be kind
811,1,positive and loving always ğŸ˜Š
812,1,Ruby was rehomed for times before she was for months old now loves her forever home. Pls always consider rescue when
813,1,3 little ones.. wish you the best ğŸ˜Š sounds like a fun group
814,1,Naila Raheem is now following me on Twitter!
815,1,Thanks for the recent follow Happy to connect ğŸ˜Š have a great Thursday. Want this ?.3
816,1,Stats for the week have arrived. 1 new follower and NO unfollowers ğŸ˜Š via.2
817,1,Thanks for the recent follow Happy to connect ğŸ˜Š have a great Thursday. Get this
818,1,I ğŸ˜ it when pretty girls call me pretty like bitch tf you too ğŸ˜Š let's be friends
819,1,Thanks for the recent follow Happy to connect ğŸ˜Š have a great Thursday. Get FREE?
820,1,Thanks for the recent follow Happy to connect ğŸ˜Š have a great Thursday..18
821,1,Thanks for the follow! ğŸ˜Š
822,1,EVERY time I think that my skin is getting better
823,1,it just proves me wrong in a matter of days ğŸ˜Š fuck my life ğŸ˜Š ))
824,1,Can you PM me ? ğŸ˜„
825,1,I had but I have just seen the email. SO GOOD ğŸ˜„
826,1,Released my 3rd episode of programming for everyone! Be sure to check it out ğŸ˜Š
827,1,i think instant message meant to stay single and fix people's relationships my entire life ğŸ˜­
828,1,we will be never ready actually ğŸ˜Š idhuellam dialogue ku dhan othu varum..
829,1,Yes.1
830,1,this is the main reason I drink Total selflessness ğŸ˜„
831,1,Yep I'm going back to school to become an editor hopefully. Can't wait! Your sister really believes in my skills ğŸ˜Š
832,1,Thanks for being top engaged community members this week ğŸ˜Š Want this
833,1,Currently standing outside the shard with a bag full of empty bottles because I came to work with tom today ğŸ˜Š
834,1,Good evening ğŸ˜Š
835,1,Goals of 2017: Become apart of with and Lose 50 LBSStart Youtube ğŸ˜Š
836,1,Thanks for the recent follow Happy to connect ğŸ˜Š have a great Thursday. Want this.5
837,1,Thank you crew happy.4
838,1,Mummy
839,1,look how big I've become!
840,1,Thanks for the recent follow Happy to connect ğŸ˜Š have a great Thursday..19
841,1,Thanks for the recent follow Happy to connect ğŸ˜Š have a great Thursday..20
842,1,I second that! Thanks for the spin. Very much appreciated. ğŸ˜Š
843,1,Make them feel that you are there to listen to their problems
844,1,and mag refer kana rin sakanila nice game
845,1,That would be a great trick happy.3
846,1,Wow
847,1,this looks awesome! Id ğŸ˜ to see a VN like this ğŸ˜„
848,1,Morning
849,1,Jamie. Passion + perseverance equals two of the not-so-secret ingredients in the secret sauce of success ğŸ˜Š
850,1,Hi KN fans! ğŸ˜Š
851,1,We bought a 523 litre fridge. I am applying for cold storage license in Bhayander West ğŸ˜„
852,1,Thanks for being top engaged community members this week ğŸ˜Š Want this.1
853,1,for my 2000th tweet i'd like to say i ğŸ˜ donghyuck ğŸ˜„
854,1,I'm a Japanese Directioner ğŸ˜„
855,1,Remember- vocab knowledge is worth 75% of your grade! Will announce winner tomorrow morning at 10am! ğŸ˜Š 15 to purchase! ğŸ˜Š
856,1,good luck! You have my vote ğŸ˜­
857,1,19 days of school left ğŸ˜Š
858,1,Will you do before and after pictures? I always enjoy your swanky hair ğŸ˜Š
859,1,In class and I'm really bored so why not ğŸ˜Š Rt for one!! Mutuals non mutuals Pls don't let me flop ;-;
860,1,GIVING AWAY ALL THESE SOUVENIRS TO 5 LUCKY WINNERS!To Enter: Follow + RTRolling winners in 48 hold on
861,1,Watch your words ğŸ˜Š
862,1,Thanks for the recent follow Happy to connect ğŸ˜Š have a great Thursday. Want this ?.4
863,1,Nice gif ğŸ˜Š
864,1,Share the love:thanks for being top new followers this week ğŸ˜Š Want this
865,1,But I think you'll do better than me ğŸ˜Š
866,1,Indeed
867,1,and I suspect you will be one of the few who would get it ğŸ˜Š
868,1,One of our fleet is solely seeharged by domestisee hydro Toro see
869,1,for trade ? ğŸ˜Š what yeah want ?
870,1,Get this to 150!!
871,1,New twitter acc. ğŸ˜Š
872,1,Share the ğŸ˜ - High Value Members of this week ğŸ˜Š (insight by
873,1,Soon I'll make arts ğŸ˜Š
874,1,That would be a great trick happy.4
875,1,Thanks for the recent follow Happy to connect ğŸ˜Š have a great Thursday..21
876,1,.NOTHING CHANGED BUT THE DATE .. APRIL 28 MAKE S
877,1,Delma Hanville It's official we are connected on Twitter! Thank you for the follow. Please don't ever Let It Go! ğŸ˜Š
878,1,13 Reasons Why producers: we care about youth mental health ğŸ˜Š 13RW producers: *show young audience graphic rape and suicide s
879,1,fun and funny.... this book will warn up your kindle at night ğŸ˜Š
880,1,And that's what's important! ğŸ˜Š that's what I'm trying to remember.
881,1,Congrats for 3M followers on Instagram! ğŸ˜Š
882,1,Gourmet chocolates are special and should be reserved for special occasions. Plain MMs
883,1,not being spe
884,1,Sixth spot not applicable Team! Higher pa! ğŸ˜Š ğŸ˜˜ TheFashionIcon
885,1,Can you guys make the Japanese Greninja's and Waveguider come as well? ğŸ˜Š
886,1,Thanks for the recent follow Happy to connect ğŸ˜Š have a great Thursday..22
887,1,thanks for the recent follow.2
888,1,much appreciated ğŸ˜Š Want this
889,1,Sister cyril came to our school once ğŸ˜Š
890,1,Join us this Saturday to celebrate our Earth by planting seedings! Head to our FB page for more information. ğŸ˜Š
891,1,we finally got jinyoung to wipe it for jaebum himself but their precious son blocks it for the world to witness it.1
892,1,i ğŸ˜ him ğŸ˜† with joy
893,1,kind of like my layout ğŸ˜Š
894,1,New twitter account piss off no idea MAJA SALVADOR is Follow not applicable guys ğŸ˜Š
895,1,thanks for the recent follow.3
896,1,much appreciated ğŸ˜Š (Want this for It's Magical!
897,1,Congratulations very impressive ğŸ˜Š
898,1,Client work for rt and favorite happy.2
899,1,Thanks for the recent follow Happy to connect ğŸ˜Š have a great Thursday. Want this.3
900,1,Did you go all the way to Keem? Have you been up Minaun? That's a good one if you are into extreme driving today ğŸ˜­
901,1,I really must go see Power Rangers again. ğŸ˜­
902,1,Maybe I do
903,1,maybe I don't
904,1,who knows ğŸ˜„
905,1,Broadcaster says Fly Away reminds him of early ğŸ˜Š
906,1,Great night! Hope you enjoyed the strip club after ğŸ˜Š Thx for photo
907,1,Right I seriously need a decent Butterfly Tattoo design
908,1,if anyone has got a design or could find me one I would be so grateful to you ğŸ˜„
909,1,thanks for the recent follow. Much appreciated ğŸ˜Š Want this ?.2
910,1,Thanks for the recent follow Happy to connect ğŸ˜Š have a great Thursday..23
911,1,Good evening happy.1
912,1,i always knew you woyould like this one better ğŸ˜„ hahaha.
913,1,Sure do! ğŸ˜Š
914,1,yes it would have if it hadn't been for those meddling clouds ğŸ˜­
915,1,Gamer Follow Train!Follow MeRetweet thisFollow all who retweetedGain active followers ğŸ˜Š 450
916,1,Thanks for sharing my iris photo. I really appreciate it ğŸ˜­
917,1,rt for 13 ffs-it's not much but they're free-legit-free but follow me first to get them quicker-be patient i will g.1
918,1,Myth is a good Team
919,1,but Genix deserves so much more than Myth! Open your Eyes The Community want
920,1,Hellooo.. ğŸ˜Š satans-daughter (taylynnox)
921,1,mutual: let's talk more!me: for sure!mutual: ğŸ˜Š me:.8
922,1,Hellooo.. ğŸ˜Š Lil strait (Daddyy_rat)
923,1,Are you also attractive to Liza Soberano? ğŸ˜Š
924,1,Pfft- ğŸ˜† with joy Oh.. I hope year oldu're okay
925,1,papa bird? I hope year oldu don't mind? Because I want to stay with year old
926,1,Hellooo.. ğŸ˜Š Kyle Davies (RebelByACause)
927,1,opera Nirjhor As long as they are not claiming to be the first one ğŸ˜„ /Rosi
928,1,will miss it but I'm on an open education seminar in Palestine ğŸ˜Š
929,1,Stats for the day have arrived. 1 new follower and NO unfollowers ğŸ˜Š via.2
930,1,Wow! My friend Dara shared this from her hubby!!! He looks TERRIFIC. ğŸ˜Š Order YOURS here -
931,1,Annapurna studios production no.29 on floors tomorrow. In this heat we are going to turn on the heat ğŸ˜Š can't expre
932,1,will there be a new amazingphil video today? ğŸ˜Š
933,1,Veronice and Jughead! happy.1
934,1,Cpl Swallows just gone over the house. Heard them whilst flying my drone.. ğŸ˜Š
935,1,Who wants some good vibes? Watch this on YouTube or TV100 application now for FREE happy.2
936,1,We've 80 so far in our collection of 150+! ğŸ˜Š New gin menu coming soon as well!
937,1,That would be a great trick happy.5
938,1,i don%27t know he looks so cool ğŸ˜† with joy
939,1,Hellooo.. ğŸ˜Š pussy (creepz_x)
940,1,on Snapchat ğŸ˜Š
941,1,enjoy ğŸ˜­ h.e.r.
942,1,rt if you hate me ğŸ˜† with joy
943,1,Die evil raven! ğŸ˜„
944,1,Never give up on the things that make you ğŸ˜­ ğŸ˜Š
945,1,Stats for the day have arrived. 1 new follower and NO unfollowers ğŸ˜Š via.3
946,1,Haha thanks fansnim! ğŸ˜Š
947,1,i took a full drink into my uber; i guess you could say instant message pretty wild. These are the Tuesdays we'll never forget ğŸ˜Š
948,1,It's a very cute picture though ğŸ˜„
949,1,Play your part in raising funds for :
950,1,Ohh yeah and we had sausage with our pancakes ğŸ˜Š x
951,1,especially for people who have low patience level ğŸ˜Š
952,1,online shopping timmeee. anyone got good site suggestions? ğŸ˜Š
953,1,Not really I am a Labour supporter and am actually quite glad ğŸ˜Š I mean how much did he claim in 2009 fuck off
954,1,Issa Throwback. ğŸ˜Š
955,1,Ouuuuu..... right in the jewels! ğŸ˜„
956,1,your an inspiration to everyone Miss Jones ğŸ˜Š
957,1,Feeling myself
958,1,got on my favorite boot cut jeans and roshe runs. No girl is safe today. Have a blessed 4/20 all ğŸ˜­
959,1,Uncheck new arrivals ğŸ˜Š
960,1,AVI for my man ğŸ˜Š Phone made like always ;).1
961,1,Hellooo ğŸ˜Š Ross Chaplin (MasonCooper4)
962,1,I write fiction. Some PR knob who writes sentence fragments on an iPad next to the Shoreditch House piss off
963,1,Love this!
964,1,instant message perfectly fine ğŸ˜„ how about you fellow ken
965,1,the displayport to HDMI turned up so we back on to screens o/ 5 days to get the dual PC stream setup sorted (lol) ğŸ˜„
966,1,pips singing let it snow ğŸ˜† with joy
967,1,Let me eat that cake! ğŸ˜„ ğŸ˜›
968,1,Nah over-rated ğŸ˜Š x
969,1,You may draw your conclusions from any deviation from that level either in the direction of therapy or prevention
970,1,Does not matter
971,1,as long as she's cool
972,1,I'll like her ğŸ˜Š
973,1,Teaser coming out today at 4pm!Story.1
974,1,music and direction by of my favourites by.1
975,1,Hey everyone me and Harry have just had pancakes and maple syrup for breakfast . Great way to start the day ğŸ˜Š Miss you a
976,1,Cheers ğŸ˜„
977,1,thanks for the recent follow. Much appreciated ğŸ˜Š Want this.2
978,1,Thanks for sharing my iris photo. I really appreciate it smile.1
979,1,Hey thanks for being top High Value Members of last week
980,1,have a great
981,1,I'm sorry but people have to make a living ğŸ˜Š
982,1,I check Beautiful News every single day
983,1,It really is uplifting and inspiring
984,1,plus I want to win that Merc C63 silence Sooo! ğŸ˜Š
985,1,please let me meet taehyung hiks ğŸ˜† with joy really hope i could win.This is my first cover
986,1,year old i am commenting on all the new ladylike videos. trust me. not a troll
987,1,just me killin time to say hey! ğŸ˜„
988,1,celebrate Hitler's birthday! ğŸ˜€
989,1,Just delivered my Managing the Online Customer Journey keynote at the Autodesk Partner Event. Incredible event
990,1,There're time we shcj do/did something that dissapointed ot6
991,1,there're time shinhwa do/did something
992,1,well..human. That's all i
993,1,new video out today ğŸ˜Š
994,1,Merry Christmas everyone ğŸ˜Š
995,1,big ğŸ˜ for Anne cox ğŸ˜Š
996,1,Just a new ğŸ˜Š
997,1,Hellooo ğŸ˜Š Jackatkinson (jackat13)
998,1,thanks for the recent follow. Much appreciated ğŸ˜Š Get it.1
999,1,thanks for the recent follow.4
